{"cameraMode":{"drawMode":0,"name":"Shaded","section":"Shading Mode"},"sceneLighting":false,"audioPlay":false,"sceneViewState":{"m_AlwaysRefresh":false,"showFog":true,"showSkybox":false,"showFlares":true,"showImageEffects":true,"showParticleSystems":true,"showVisualEffectGraphs":true,"m_FxEnabled":false},"in2DMode":false,"pivot":{"x":-0.6597625017166138,"y":-0.042730994522571567,"z":0.2864915132522583},"rotation":{"x":-0.03177979961037636,"y":0.5410230755805969,"z":-0.02047022432088852,"w":-0.8401870131492615},"size":0.940177321434021,"orthographic":false}