{"cameraMode":{"drawMode":0,"name":"Shaded","section":"Shading Mode"},"sceneLighting":false,"audioPlay":false,"sceneViewState":{"m_AlwaysRefresh":false,"showFog":true,"showSkybox":false,"showFlares":true,"showImageEffects":true,"showParticleSystems":true,"showVisualEffectGraphs":true,"m_FxEnabled":false},"in2DMode":false,"pivot":{"x":0.17803120613098145,"y":-0.06601911783218384,"z":11.134052276611329},"rotation":{"x":-0.2750437557697296,"y":-0.6278811097145081,"z":0.25279614329338076,"w":-0.6829596757888794},"size":0.3960728645324707,"orthographic":false}